{
  "0": {
    "hitbox": "FULL"
  },
  "1": {
    "hitbox": "FULL"
  },
  "2": {
    "hitbox": "FULL"
  },
  "3": {
    "hitbox": "FULL"
  },
  "4": {
    "hitbox": "FULL"
  },
  "5": {
    "hitbox": "FULL"
  },
  "6": {
    "hitbox": "FULL"
  },
  "7": {
    "hitbox": "FULL"
  },
  "8": {
    "hitbox": "FULL"
  },
  "9": {
    "hitbox": "FULL"
  },
  "10": {
    "hitbox": "FULL"
  },
  "11": {
    "hitbox": "FULL"
  },
  "12": {
    "hitbox": "FULL"
  },
  "13": {
    "hitbox": "FULL"
  },
  "14": {
    "hitbox": "FULL"
  },
  "15": {
    "hitbox": "FULL"
  },
  "16": {
    "hitbox": "FULL"
  },
  "17": {
    "hitbox": "FULL"
  },
  "18": {
    "hitbox": "FULL"
  },
  "19": {
    "hitbox": "FULL"
  },
  "20": {
    "hitbox": "FULL"
  },
  "21": {
    "hitbox": "FULL"
  },
  "22": {
    "hitbox": "FULL"
  },
  "23": {
    "hitbox": "FULL"
  },
  "24": {
    "hitbox": "FULL"
  },
  "25": {
    "hitbox": "FULL"
  },
  "26": {
    "hitbox": "FULL"
  },
  "27": {
    "hitbox": "FULL"
  },
  "28": {
    "hitbox": "FULL"
  },
  "29": {
    "hitbox": "FULL"
  },
  "30": {
    "hitbox": "FULL"
  },
  "31": {
    "hitbox": "FULL"
  },
  "32": {
    "hitbox": "FULL"
  },
  "33": {
    "hitbox": "FULL"
  },
  "34": {
    "hitbox": "FULL"
  },
  "35": {
    "hitbox": "FULL"
  },
  "36": {
    "hitbox": "FULL"
  },
  "37": {
    "hitbox": "FULL"
  },
  "38": {
    "hitbox": "FULL"
  },
  "39": {
    "hitbox": "FULL"
  },
  "40": {
    "hitbox": "FULL"
  },
  "41": {
    "hitbox": "FULL"
  },
  "42": {
    "hitbox": "FULL"
  },
  "43": {
    "hitbox": "FULL"
  },
  "44": {
    "hitbox": "FULL"
  },
  "45": {
    "hitbox": "FULL"
  },
  "46": {
    "hitbox": "FULL"
  },
  "47": {
    "hitbox": "FULL"
  }
}